Paper ID,Title,Authors,Year,Filename
1407.7906,How Auto-Encoders Could Provide Credit Assignment in Deep Networks via Target Propagation,Yoshua Bengio,2014,1407.7906_How_Auto-Encoders_Could_Provide_Credit_Assignment_in_Deep_Networks_via_Target_Propagation.pdf
1408.5882,Convolutional Neural Networks for Sentence Classification,Yoon Kim,2014,1408.5882_Convolutional_Neural_Networks_for_Sentence_Classification.pdf
1409.3215,Sequence to Sequence Learning with Neural Networks,"Ilya Sutskever, Oriol Vinyals, Quoc V. Le",2014,1409.3215_Sequence_to_Sequence_Learning_with_Neural_Networks.pdf
1409.7770,Entanglement-Based Machine Learning on a Quantum Computer,"X. -D. Cai, D. Wu, Z. -E. Su, M. -C. Chen, X. -L. Wang, L. Li, N. -L. Liu, Chao-Yang Lu, Jian-Wei Pan",2014,1409.7770_Entanglement-Based_Machine_Learning_on_a_Quantum_Computer.pdf
1412.0233,The Loss Surfaces of Multilayer Networks,"Anna Choromanska, Mikael Henaff, Michael Mathieu, Gérard Ben Arous, Yann LeCun",2014,1412.0233_The_Loss_Surfaces_of_Multilayer_Networks.pdf
1412.5474,Flattened Convolutional Neural Networks for Feedforward Acceleration,"Jonghoon Jin, Aysegul Dundar, Eugenio Culurciello",2014,1412.5474_Flattened_Convolutional_Neural_Networks_for_Feedforward_Acceleration.pdf
1412.6544,Qualitatively characterizing neural network optimization problems,"Ian J. Goodfellow, Oriol Vinyals, Andrew M. Saxe",2014,1412.6544_Qualitatively_characterizing_neural_network_optimization_problems.pdf
1412.6558,Random Walk Initialization for Training Very Deep Feedforward Networks,"David Sussillo, L. F. Abbott",2014,1412.6558_Random_Walk_Initialization_for_Training_Very_Deep_Feedforward_Networks.pdf
1412.7091,Efficient Exact Gradient Update for training Deep Networks with Very Large Sparse Targets,"Pascal Vincent, Alexandre de Brébisson, Xavier Bouthillier",2014,1412.7091_Efficient_Exact_Gradient_Update_for_training_Deep_Networks_with_Very_Large_Sparse_Targets.pdf
1412.7419,ADASECANT: Robust Adaptive Secant Method for Stochastic Gradient,"Caglar Gulcehre, Marcin Moczulski, Yoshua Bengio",2014,1412.7419_ADASECANT_Robust_Adaptive_Secant_Method_for_Stochastic_Gradient.pdf
1412.7755,Multiple Object Recognition with Visual Attention,"Jimmy Ba, Volodymyr Mnih, Koray Kavukcuoglu",2014,1412.7755_Multiple_Object_Recognition_with_Visual_Attention.pdf
1501.00092,Image Super-Resolution Using Deep Convolutional Networks,"Chao Dong, Chen Change Loy, Kaiming He, Xiaoou Tang",2014,1501.00092_Image_Super-Resolution_Using_Deep_Convolutional_Networks.pdf
1502.01710,Text Understanding from Scratch,"Xiang Zhang, Yann LeCun",2015,1502.01710_Text_Understanding_from_Scratch.pdf
1502.02551,Deep Learning with Limited Numerical Precision,"Suyog Gupta, Ankur Agrawal, Kailash Gopalakrishnan, Pritish Narayanan",2015,1502.02551_Deep_Learning_with_Limited_Numerical_Precision.pdf
1502.06464,Rectified Factor Networks,"Djork-Arné Clevert, Andreas Mayr, Thomas Unterthiner, Sepp Hochreiter",2015,1502.06464_Rectified_Factor_Networks.pdf
1503.03244,Convolutional Neural Network Architectures for Matching Natural Language Sentences,"Baotian Hu, Zhengdong Lu, Hang Li, Qingcai Chen",2015,1503.03244_Convolutional_Neural_Network_Architectures_for_Matching_Natural_Language_Sentences.pdf
1503.03535,On Using Monolingual Corpora in Neural Machine Translation,"Caglar Gulcehre, Orhan Firat, Kelvin Xu, Kyunghyun Cho, Loic Barrault, Huei-Chi Lin, Fethi Bougares, Holger Schwenk, Yoshua Bengio",2015,1503.03535_On_Using_Monolingual_Corpora_in_Neural_Machine_Translation.pdf
1503.04881,Long Short-Term Memory Over Tree Structures,"Xiaodan Zhu, Parinaz Sobhani, Hongyu Guo",2015,1503.04881_Long_Short-Term_Memory_Over_Tree_Structures.pdf
1503.08873,Fast Label Embeddings for Extremely Large Output Spaces,"Paul Mineiro, Nikos Karampatziakis",2015,1503.08873_Fast_Label_Embeddings_for_Extremely_Large_Output_Spaces.pdf
1504.00941,A Simple Way to Initialize Recurrent Networks of Rectified Linear Units,"Quoc V. Le, Navdeep Jaitly, Geoffrey E. Hinton",2015,1504.00941_A_Simple_Way_to_Initialize_Recurrent_Networks_of_Rectified_Linear_Units.pdf
1505.05424,Weight Uncertainty in Neural Networks,"Charles Blundell, Julien Cornebise, Koray Kavukcuoglu, Daan Wierstra",2015,1505.05424_Weight_Uncertainty_in_Neural_Networks.pdf
1506.01057,A Hierarchical Neural Autoencoder for Paragraphs and Documents,"Jiwei Li, Minh-Thang Luong, Dan Jurafsky",2015,1506.01057_A_Hierarchical_Neural_Autoencoder_for_Paragraphs_and_Documents.pdf
1506.05163,Deep Convolutional Networks on Graph-Structured Data,"Mikael Henaff, Joan Bruna, Yann LeCun",2015,1506.05163_Deep_Convolutional_Networks_on_Graph-Structured_Data.pdf
1506.06442,A Deep Memory-based Architecture for Sequence-to-Sequence Learning,"Fandong Meng, Zhengdong Lu, Zhaopeng Tu, Hang Li, Qun Liu",2015,1506.06442_A_Deep_Memory-based_Architecture_for_Sequence-to-Sequence_Learning.pdf
1506.06825,DeepStereo: Learning to Predict New Views from the World's Imagery,"John Flynn, Ivan Neulander, James Philbin, Noah Snavely",2015,1506.06825_DeepStereo_Learning_to_Predict_New_Views_from_the_World's_Imagery.pdf
1506.07285,Ask Me Anything: Dynamic Memory Networks for Natural Language Processing,"Ankit Kumar, Ozan Irsoy, Peter Ondruska, Mohit Iyyer, James Bradbury, Ishaan Gulrajani, Victor Zhong, Romain Paulus, Richard Socher",2015,1506.07285_Ask_Me_Anything_Dynamic_Memory_Networks_for_Natural_Language_Processing.pdf
1506.07650,Semantic Relation Classification via Convolutional Neural Networks with Simple Negative Sampling,"Kun Xu, Yansong Feng, Songfang Huang, Dongyan Zhao",2015,1506.07650_Semantic_Relation_Classification_via_Convolutional_Neural_Networks_with_Simple_Negative_Sampling.pdf
1506.08941,Language Understanding for Text-based Games Using Deep Reinforcement Learning,"Karthik Narasimhan, Tejas Kulkarni, Regina Barzilay",2015,1506.08941_Language_Understanding_for_Text-based_Games_Using_Deep_Reinforcement_Learning.pdf
1507.01053,Describing Multimedia Content using Attention-based Encoder--Decoder Networks,"Kyunghyun Cho, Aaron Courville, Yoshua Bengio",2015,1507.01053_Describing_Multimedia_Content_using_Attention-based_Encoder--Decoder_Networks.pdf
1507.02030,Beyond Convexity: Stochastic Quasi-Convex Optimization,"Elad Hazan, Kfir Y. Levy, Shai Shalev-Shwartz",2015,1507.02030_Beyond_Convexity_Stochastic_Quasi-Convex_Optimization.pdf
1507.07680,Training recurrent networks online without backtracking,"Yann Ollivier, Corentin Tallec, Guillaume Charpiat",2015,1507.07680_Training_recurrent_networks_online_without_backtracking.pdf
1508.00952,Graphical Newton,"Akshay Srinivasan, Emanuel Todorov",2015,1508.00952_Graphical_Newton.pdf
1508.02096,Finding Function in Form: Compositional Character Models for Open Vocabulary Word Representation,"Wang Ling, Tiago Luís, Luís Marujo, Ramón Fernandez Astudillo, Silvio Amir, Chris Dyer, Alan W. Black, Isabel Trancoso",2015,1508.02096_Finding_Function_in_Form_Compositional_Character_Models_for_Open_Vocabulary_Word_Representation.pdf
1508.04945,DeepWriterID: An End-to-end Online Text-independent Writer Identification System,"Weixin Yang, Lianwen Jin, Manfei Liu",2015,1508.04945_DeepWriterID_An_End-to-end_Online_Text-independent_Writer_Identification_System.pdf
1509.04612,Adapting Resilient Propagation for Deep Learning,"Alan Mosca, George D. Magoulas",2015,1509.04612_Adapting_Resilient_Propagation_for_Deep_Learning.pdf
1509.06569,Tensorizing Neural Networks,"Alexander Novikov, Dmitry Podoprikhin, Anton Osokin, Dmitry Vetrov",2015,1509.06569_Tensorizing_Neural_Networks.pdf
1510.00149,"Deep Compression: Compressing Deep Neural Networks with Pruning, Trained Quantization and Huffman Coding","Song Han, Huizi Mao, William J. Dally",2015,"1510.00149_Deep_Compression_Compressing_Deep_Neural_Networks_with_Pruning,_Trained_Quantization_and_Huffman_Coding.pdf"
1510.01722,Structured Transforms for Small-Footprint Deep Learning,"Vikas Sindhwani, Tara N. Sainath, Sanjiv Kumar",2015,1510.01722_Structured_Transforms_for_Small-Footprint_Deep_Learning.pdf
1510.01799,Efficient Per-Example Gradient Computations,Ian Goodfellow,2015,1510.01799_Efficient_Per-Example_Gradient_Computations.pdf
1510.05336,Clustering is Easy When ....What?,Shai Ben-David,2015,1510.05336_Clustering_is_Easy_When_....What.pdf
1510.06356,Application of Quantum Annealing to Training of Deep Neural Networks,"Steven H. Adachi, Maxwell P. Henderson",2015,1510.06356_Application_of_Quantum_Annealing_to_Training_of_Deep_Neural_Networks.pdf
1511.05641,Net2Net: Accelerating Learning via Knowledge Transfer,"Tianqi Chen, Ian Goodfellow, Jonathon Shlens",2015,1511.05641_Net2Net_Accelerating_Learning_via_Knowledge_Transfer.pdf
1511.06241,Convolutional Clustering for Unsupervised Learning,"Aysegul Dundar, Jonghoon Jin, Eugenio Culurciello",2015,1511.06241_Convolutional_Clustering_for_Unsupervised_Learning.pdf
1511.06279,Neural Programmer-Interpreters,"Scott Reed, Nando de Freitas",2015,1511.06279_Neural_Programmer-Interpreters.pdf
1511.06392,Neural Random-Access Machines,"Karol Kurach, Marcin Andrychowicz, Ilya Sutskever",2015,1511.06392_Neural_Random-Access_Machines.pdf
1511.06434,Unsupervised Representation Learning with Deep Convolutional Generative Adversarial Networks,"Alec Radford, Luke Metz, Soumith Chintala",2015,1511.06434_Unsupervised_Representation_Learning_with_Deep_Convolutional_Generative_Adversarial_Networks.pdf
1511.06807,Adding Gradient Noise Improves Learning for Very Deep Networks,"Arvind Neelakantan, Luke Vilnis, Quoc V. Le, Ilya Sutskever, Lukasz Kaiser, Karol Kurach, James Martens",2015,1511.06807_Adding_Gradient_Noise_Improves_Learning_for_Very_Deep_Networks.pdf
1511.06909,BlackOut: Speeding up Recurrent Neural Network Language Models With Very Large Vocabularies,"Shihao Ji, S. V. N. Vishwanathan, Nadathur Satish, Michael J. Anderson, Pradeep Dubey",2015,1511.06909_BlackOut_Speeding_up_Recurrent_Neural_Network_Language_Models_With_Very_Large_Vocabularies.pdf
1511.08130,A Roadmap towards Machine Intelligence,"Tomas Mikolov, Armand Joulin, Marco Baroni",2015,1511.08130_A_Roadmap_towards_Machine_Intelligence.pdf
1511.08400,Regularizing RNNs by Stabilizing Activations,"David Krueger, Roland Memisevic",2015,1511.08400_Regularizing_RNNs_by_Stabilizing_Activations.pdf
1409.2329,Recurrent Neural Network Regularization,"Wojciech Zaremba, Ilya Sutskever, Oriol Vinyals",2014,1409.2329_Recurrent_Neural_Network_Regularization.pdf
1409.5185,Deeply-Supervised Nets,"Chen-Yu Lee, Saining Xie, Patrick Gallagher, Zhengyou Zhang, Zhuowen Tu",2014,1409.5185_Deeply-Supervised_Nets.pdf
1410.0759,cuDNN: Efficient Primitives for Deep Learning,"Sharan Chetlur, Cliff Woolley, Philippe Vandermersch, Jonathan Cohen, John Tran, Bryan Catanzaro, Evan Shelhamer",2014,1410.0759_cuDNN_Efficient_Primitives_for_Deep_Learning.pdf
1410.1054,Experimental Realization of Quantum Artificial Intelligence,"Li Zhaokai, Liu Xiaomei, Xu Nanyang, Du jiangfeng",2014,1410.1054_Experimental_Realization_of_Quantum_Artificial_Intelligence.pdf
1410.4615,Learning to Execute,"Wojciech Zaremba, Ilya Sutskever",2014,1410.4615_Learning_to_Execute.pdf
1412.2007,On Using Very Large Target Vocabulary for Neural Machine Translation,"Sébastien Jean, Kyunghyun Cho, Roland Memisevic, Yoshua Bengio",2014,1412.2007_On_Using_Very_Large_Target_Vocabulary_for_Neural_Machine_Translation.pdf
1412.6071,Fractional Max-Pooling,Benjamin Graham,2014,1412.6071_Fractional_Max-Pooling.pdf
1412.7149,Deep Fried Convnets,"Zichao Yang, Marcin Moczulski, Misha Denil, Nando de Freitas, Alex Smola, Le Song, Ziyu Wang",2014,1412.7149_Deep_Fried_Convnets.pdf
1412.7449,Grammar as a Foreign Language,"Oriol Vinyals, Lukasz Kaiser, Terry Koo, Slav Petrov, Ilya Sutskever, Geoffrey Hinton",2014,1412.7449_Grammar_as_a_Foreign_Language.pdf
1502.03492,Gradient-based Hyperparameter Optimization through Reversible Learning,"Dougal Maclaurin, David Duvenaud, Ryan P. Adams",2015,1502.03492_Gradient-based_Hyperparameter_Optimization_through_Reversible_Learning.pdf
1502.04623,DRAW: A Recurrent Neural Network For Image Generation,"Karol Gregor, Ivo Danihelka, Alex Graves, Danilo Jimenez Rezende, Daan Wierstra",2015,1502.04623_DRAW_A_Recurrent_Neural_Network_For_Image_Generation.pdf
1502.04681,Unsupervised Learning of Video Representations using LSTMs,"Nitish Srivastava, Elman Mansimov, Ruslan Salakhutdinov",2015,1502.04681_Unsupervised_Learning_of_Video_Representations_using_LSTMs.pdf
1502.05698,Towards AI-Complete Question Answering: A Set of Prerequisite Toy Tasks,"Jason Weston, Antoine Bordes, Sumit Chopra, Alexander M. Rush, Bart van Merriënboer, Armand Joulin, Tomas Mikolov",2015,1502.05698_Towards_AI-Complete_Question_Answering_A_Set_of_Prerequisite_Toy_Tasks.pdf
1502.07257,Breaking Sticks and Ambiguities with Adaptive Skip-gram,"Sergey Bartunov, Dmitry Kondrashkin, Anton Osokin, Dmitry Vetrov",2015,1502.07257_Breaking_Sticks_and_Ambiguities_with_Adaptive_Skip-gram.pdf
1503.01838,Encoding Source Language with Convolutional Neural Network for Machine Translation,"Fandong Meng, Zhengdong Lu, Mingxuan Wang, Hang Li, Wenbin Jiang, Qun Liu",2015,1503.01838_Encoding_Source_Language_with_Convolutional_Neural_Network_for_Machine_Translation.pdf
1503.03832,FaceNet: A Unified Embedding for Face Recognition and Clustering,"Florian Schroff, Dmitry Kalenichenko, James Philbin",2015,1503.03832_FaceNet_A_Unified_Embedding_for_Face_Recognition_and_Clustering.pdf
1503.08895,End-To-End Memory Networks,"Sainbayar Sukhbaatar, Arthur Szlam, Jason Weston, Rob Fergus",2015,1503.08895_End-To-End_Memory_Networks.pdf
1504.00641,A Probabilistic Theory of Deep Learning,"Ankit B. Patel, Tan Nguyen, Richard G. Baraniuk",2015,1504.00641_A_Probabilistic_Theory_of_Deep_Learning.pdf
1504.00702,End-to-End Training of Deep Visuomotor Policies,"Sergey Levine, Chelsea Finn, Trevor Darrell, Pieter Abbeel",2015,1504.00702_End-to-End_Training_of_Deep_Visuomotor_Policies.pdf
1504.04658,Deep Karaoke: Extracting Vocals from Musical Mixtures Using a Convolutional Deep Neural Network,"Andrew J. R. Simpson, Gerard Roma, Mark D. Plumbley",2015,1504.04658_Deep_Karaoke_Extracting_Vocals_from_Musical_Mixtures_Using_a_Convolutional_Deep_Neural_Network.pdf
1506.03877,Bidirectional Helmholtz Machines,"Jorg Bornschein, Samira Shabanian, Asja Fischer, Yoshua Bengio",2015,1506.03877_Bidirectional_Helmholtz_Machines.pdf
1506.04214,Convolutional LSTM Network: A Machine Learning Approach for Precipitation Nowcasting,"Xingjian Shi, Zhourong Chen, Hao Wang, Dit-Yan Yeung, Wai-kin Wong, Wang-chun Woo",2015,1506.04214_Convolutional_LSTM_Network_A_Machine_Learning_Approach_for_Precipitation_Nowcasting.pdf
1507.01526,Grid Long Short-Term Memory,"Nal Kalchbrenner, Ivo Danihelka, Alex Graves",2015,1507.01526_Grid_Long_Short-Term_Memory.pdf
1507.04808,Building End-To-End Dialogue Systems Using Generative Hierarchical Neural Network Models,"Iulian V. Serban, Alessandro Sordoni, Yoshua Bengio, Aaron Courville, Joelle Pineau",2015,1507.04808_Building_End-To-End_Dialogue_Systems_Using_Generative_Hierarchical_Neural_Network_Models.pdf
1507.08050,Probabilistic Programming in Python using PyMC,"John Salvatier, Thomas Wiecki, Christopher Fonnesbeck",2015,1507.08050_Probabilistic_Programming_in_Python_using_PyMC.pdf
1508.00019,A Minimal Architecture for General Cognition,"Michael S. Gashler, Zachariah Kindle, Michael R. Smith",2015,1508.00019_A_Minimal_Architecture_for_General_Cognition.pdf
1509.00519,Importance Weighted Autoencoders,"Yuri Burda, Roger Grosse, Ruslan Salakhutdinov",2015,1509.00519_Importance_Weighted_Autoencoders.pdf
1509.05009,On the Expressive Power of Deep Learning: A Tensor Analysis,"Nadav Cohen, Or Sharir, Amnon Shashua",2015,1509.05009_On_the_Expressive_Power_of_Deep_Learning_A_Tensor_Analysis.pdf
1509.08379,Learning FRAME Models Using CNN Filters,"Yang Lu, Song-Chun Zhu, Ying Nian Wu",2015,1509.08379_Learning_FRAME_Models_Using_CNN_Filters.pdf
1509.08731,Variational Information Maximisation for Intrinsically Motivated Reinforcement Learning,"Shakir Mohamed, Danilo Jimenez Rezende",2015,1509.08731_Variational_Information_Maximisation_for_Intrinsically_Motivated_Reinforcement_Learning.pdf
1510.03776,Towards Trainable Media: Using Waves for Neural Network-Style Training,"Michiel Hermans, Thomas Van Vaerenbergh",2015,1510.03776_Towards_Trainable_Media_Using_Waves_for_Neural_Network-Style_Training.pdf
1511.02954,Reducing the Training Time of Neural Networks by Partitioning,"Conrado S. Miranda, Fernando J. Von Zuben",2015,1511.02954_Reducing_the_Training_Time_of_Neural_Networks_by_Partitioning.pdf
1511.05644,Adversarial Autoencoders,"Alireza Makhzani, Jonathon Shlens, Navdeep Jaitly, Ian Goodfellow, Brendan Frey",2015,1511.05644_Adversarial_Autoencoders.pdf
1511.05952,Prioritized Experience Replay,"Tom Schaul, John Quan, Ioannis Antonoglou, David Silver",2015,1511.05952_Prioritized_Experience_Replay.pdf
1511.06068,Reducing Overfitting in Deep Networks by Decorrelating Representations,"Michael Cogswell, Faruk Ahmed, Ross Girshick, Larry Zitnick, Dhruv Batra",2015,1511.06068_Reducing_Overfitting_in_Deep_Networks_by_Decorrelating_Representations.pdf
1511.06390,Unsupervised and Semi-supervised Learning with Categorical Generative Adversarial Networks,Jost Tobias Springenberg,2015,1511.06390_Unsupervised_and_Semi-supervised_Learning_with_Categorical_Generative_Adversarial_Networks.pdf
1511.06421,Deep Manifold Traversal: Changing Labels with Convolutional Features,"Jacob R. Gardner, Paul Upchurch, Matt J. Kusner, Yixuan Li, Kilian Q. Weinberger, Kavita Bala, John E. Hopcroft",2015,1511.06421_Deep_Manifold_Traversal_Changing_Labels_with_Convolutional_Features.pdf
1511.06426,Reasoning in Vector Space: An Exploratory Study of Question Answering,"Moontae Lee, Xiaodong He, Wen-tau Yih, Jianfeng Gao, Li Deng, Paul Smolensky",2015,1511.06426_Reasoning_in_Vector_Space_An_Exploratory_Study_of_Question_Answering.pdf
1511.06440,Towards Principled Unsupervised Learning,"Ilya Sutskever, Rafal Jozefowicz, Karol Gregor, Danilo Rezende, Tim Lillicrap, Oriol Vinyals",2015,1511.06440_Towards_Principled_Unsupervised_Learning.pdf
1511.06827,GradNets: Dynamic Interpolation Between Neural Architectures,"Diogo Almeida, Nate Sauder",2015,1511.06827_GradNets_Dynamic_Interpolation_Between_Neural_Architectures.pdf
1104.5557,Randomized algorithms for matrices and data,Michael W. Mahoney,2011,1104.5557_Randomized_algorithms_for_matrices_and_data.pdf
1212.5701,ADADELTA: An Adaptive Learning Rate Method,Matthew D. Zeiler,2012,1212.5701_ADADELTA_An_Adaptive_Learning_Rate_Method.pdf
1306.0543,Predicting Parameters in Deep Learning,"Misha Denil, Babak Shakibi, Laurent Dinh, Marc'Aurelio Ranzato, Nando de Freitas",2013,1306.0543_Predicting_Parameters_in_Deep_Learning.pdf
1307.0411,Quantum algorithms for supervised and unsupervised machine learning,"Seth Lloyd, Masoud Mohseni, Patrick Rebentrost",2013,1307.0411_Quantum_algorithms_for_supervised_and_unsupervised_machine_learning.pdf
1310.2700,Analyzing Big Data with Dynamic Quantum Clustering,"M. Weinstein, F. Meirer, A. Hume, Ph. Sciau, G. Shaked, R. Hofstetter, E. Persi, A. Mehta, D. Horn",2013,1310.2700_Analyzing_Big_Data_with_Dynamic_Quantum_Clustering.pdf
1402.3511,A Clockwork RNN,"Jan Koutník, Klaus Greff, Faustino Gomez, Jürgen Schmidhuber",2014,1402.3511_A_Clockwork_RNN.pdf
1404.2334,Informed RRT*: Optimal Sampling-based Path Planning Focused via Direct Sampling of an Admissible Ellipsoidal Heuristic,"Jonathan D. Gammell, Siddhartha S. Srinivasa, Timothy D. Barfoot",2014,1404.2334_Informed_RRT_Optimal_Sampling-based_Path_Planning_Focused_via_Direct_Sampling_of_an_Admissible_Ellipsoidal_Heuristic.pdf
1404.7828,Deep Learning in Neural Networks: An Overview,Juergen Schmidhuber,2014,1404.7828_Deep_Learning_in_Neural_Networks_An_Overview.pdf
1405.1380,Is Joint Training Better for Deep Auto-Encoders?,"Yingbo Zhou, Devansh Arpit, Ifeoma Nwogu, Venu Govindaraju",2014,1405.1380_Is_Joint_Training_Better_for_Deep_Auto-Encoders.pdf
1406.6247,Recurrent Models of Visual Attention,"Volodymyr Mnih, Nicolas Heess, Alex Graves, Koray Kavukcuoglu",2014,1406.6247_Recurrent_Models_of_Visual_Attention.pdf
1409.1556,Very Deep Convolutional Networks for Large-Scale Image Recognition,"Karen Simonyan, Andrew Zisserman",2014,1409.1556_Very_Deep_Convolutional_Networks_for_Large-Scale_Image_Recognition.pdf
1409.4842,Going Deeper with Convolutions,"Christian Szegedy, Wei Liu, Yangqing Jia, Pierre Sermanet, Scott Reed, Dragomir Anguelov, Dumitru Erhan, Vincent Vanhoucke, Andrew Rabinovich",2014,1409.4842_Going_Deeper_with_Convolutions.pdf
1412.4729,Translating Videos to Natural Language Using Deep Recurrent Neural Networks,"Subhashini Venugopalan, Huijuan Xu, Jeff Donahue, Marcus Rohrbach, Raymond Mooney, Kate Saenko",2014,1412.4729_Translating_Videos_to_Natural_Language_Using_Deep_Recurrent_Neural_Networks.pdf
1412.6621,Why does Deep Learning work? - A perspective from Group Theory,"Arnab Paul, Suresh Venkatasubramanian",2014,1412.6621_Why_does_Deep_Learning_work_-_A_perspective_from_Group_Theory.pdf
1412.7026,Language Recognition using Random Indexing,"Aditya Joshi, Johan Halseth, Pentti Kanerva",2014,1412.7026_Language_Recognition_using_Random_Indexing.pdf
1412.7155,Learning Compact Convolutional Neural Networks with Nested Dropout,"Chelsea Finn, Lisa Anne Hendricks, Trevor Darrell",2014,1412.7155_Learning_Compact_Convolutional_Neural_Networks_with_Nested_Dropout.pdf
1501.04719,Stability of Surface Contacts for Humanoid Robots: Closed-Form Formulae of the Contact Wrench Cone for Rectangular Support Areas,"Stéphane Caron, Quang-Cuong Pham, Yoshihiko Nakamura",2015,1501.04719_Stability_of_Surface_Contacts_for_Humanoid_Robots_Closed-Form_Formulae_of_the_Contact_Wrench_Cone_for_Rectangular_Suppor.pdf
1502.05336,Probabilistic Backpropagation for Scalable Learning of Bayesian Neural Networks,"José Miguel Hernández-Lobato, Ryan P. Adams",2015,1502.05336_Probabilistic_Backpropagation_for_Scalable_Learning_of_Bayesian_Neural_Networks.pdf
1502.05767,Automatic differentiation in machine learning: a survey,"Atilim Gunes Baydin, Barak A. Pearlmutter, Alexey Andreyevich Radul, Jeffrey Mark Siskind",2015,1502.05767_Automatic_differentiation_in_machine_learning_a_survey.pdf
1503.02364,Neural Responding Machine for Short-Text Conversation,"Lifeng Shang, Zhengdong Lu, Hang Li",2015,1503.02364_Neural_Responding_Machine_for_Short-Text_Conversation.pdf
1503.03167,Deep Convolutional Inverse Graphics Network,"Tejas D. Kulkarni, Will Whitney, Pushmeet Kohli, Joshua B. Tenenbaum",2015,1503.03167_Deep_Convolutional_Inverse_Graphics_Network.pdf
1503.03438,A mathematical motivation for complex-valued convolutional networks,"Joan Bruna, Soumith Chintala, Yann LeCun, Serkan Piantino, Arthur Szlam, Mark Tygert",2015,1503.03438_A_mathematical_motivation_for_complex-valued_convolutional_networks.pdf
1503.03585,Deep Unsupervised Learning using Nonequilibrium Thermodynamics,"Jascha Sohl-Dickstein, Eric A. Weiss, Niru Maheswaranathan, Surya Ganguli",2015,1503.03585_Deep_Unsupervised_Learning_using_Nonequilibrium_Thermodynamics.pdf
1503.04069,LSTM: A Search Space Odyssey,"Klaus Greff, Rupesh Kumar Srivastava, Jan Koutník, Bas R. Steunebrink, Jürgen Schmidhuber",2015,1503.04069_LSTM_A_Search_Space_Odyssey.pdf
1504.02518,Unsupervised Feature Learning from Temporal Data,"Ross Goroshin, Joan Bruna, Jonathan Tompson, David Eigen, Yann LeCun",2015,1504.02518_Unsupervised_Feature_Learning_from_Temporal_Data.pdf
1504.03398,An average-case depth hierarchy theorem for Boolean circuits,"Benjamin Rossman, Rocco A. Servedio, Li-Yang Tan",2015,1504.03398_An_average-case_depth_hierarchy_theorem_for_Boolean_circuits.pdf
1505.00521,Reinforcement Learning Neural Turing Machines - Revised,"Wojciech Zaremba, Ilya Sutskever",2015,1505.00521_Reinforcement_Learning_Neural_Turing_Machines_-_Revised.pdf
1505.01504,A Fixed-Size Encoding Method for Variable-Length Sequences with its Application to Neural Network Language Models,"Shiliang Zhang, Hui Jiang, Mingbin Xu, Junfeng Hou, Lirong Dai",2015,1505.01504_A_Fixed-Size_Encoding_Method_for_Variable-Length_Sequences_with_its_Application_to_Neural_Network_Language_Models.pdf
1505.05114,Solving Random Quadratic Systems of Equations Is Nearly as Easy as Solving Linear Systems,"Yuxin Chen, Emmanuel J. Candes",2015,1505.05114_Solving_Random_Quadratic_Systems_of_Equations_Is_Nearly_as_Easy_as_Solving_Linear_Systems.pdf
1506.09016,Online Learning to Sample,"Guillaume Bouchard, Théo Trouillon, Julien Perez, Adrien Gaidon",2015,1506.09016_Online_Learning_to_Sample.pdf
1508.00657,Improved Transition-Based Parsing by Modeling Characters instead of Words with LSTMs,"Miguel Ballesteros, Chris Dyer, Noah A. Smith",2015,1508.00657_Improved_Transition-Based_Parsing_by_Modeling_Characters_instead_of_Words_with_LSTMs.pdf
1508.03790,Depth-Gated LSTM,"Kaisheng Yao, Trevor Cohn, Katerina Vylomova, Kevin Duh, Chris Dyer",2015,1508.03790_Depth-Gated_LSTM.pdf
1508.06585,Towards universal neural nets: Gibbs machines and ACE,Galin Georgiev,2015,1508.06585_Towards_universal_neural_nets_Gibbs_machines_and_ACE.pdf
1509.00913,On-the-Fly Learning in a Perpetual Learning Machine,Andrew J. R. Simpson,2015,1509.00913_On-the-Fly_Learning_in_a_Perpetual_Learning_Machine.pdf
1509.08967,Very Deep Multilingual Convolutional Neural Networks for LVCSR,"Tom Sercu, Christian Puhrsch, Brian Kingsbury, Yann LeCun",2015,1509.08967_Very_Deep_Multilingual_Convolutional_Neural_Networks_for_LVCSR.pdf
1509.09308,Fast Algorithms for Convolutional Neural Networks,"Andrew Lavin, Scott Gray",2015,1509.09308_Fast_Algorithms_for_Convolutional_Neural_Networks.pdf
1510.03931,Structured Memory for Neural Turing Machines,"Wei Zhang, Yang Yu, Bowen Zhou",2015,1510.03931_Structured_Memory_for_Neural_Turing_Machines.pdf
1510.07211,On End-to-End Program Generation from User Intention by Deep Neural Networks,"Lili Mou, Rui Men, Ge Li, Lu Zhang, Zhi Jin",2015,1510.07211_On_End-to-End_Program_Generation_from_User_Intention_by_Deep_Neural_Networks.pdf
1511.01432,Semi-supervised Sequence Learning,"Andrew M. Dai, Quoc V. Le",2015,1511.01432_Semi-supervised_Sequence_Learning.pdf
1511.06464,Unitary Evolution Recurrent Neural Networks,"Martin Arjovsky, Amar Shah, Yoshua Bengio",2015,1511.06464_Unitary_Evolution_Recurrent_Neural_Networks.pdf
1511.09249,On Learning to Think: Algorithmic Information Theory for Novel Combinations of Reinforcement Learning Controllers and Recurrent Neural World Models,Juergen Schmidhuber,2015,1511.09249_On_Learning_to_Think_Algorithmic_Information_Theory_for_Novel_Combinations_of_Reinforcement_Learning_Controllers_and_Rec.pdf
0309048,Goedel Machines: Self-Referential Universal Problem Solvers Making Provably Optimal Self-Improvements,Juergen Schmidhuber,2003,0309048_Goedel_Machines_Self-Referential_Universal_Problem_Solvers_Making_Provably_Optimal_Self-Improvements.pdf
0903.0340,"Physics, Topology, Logic and Computation: A Rosetta Stone","John C. Baez, Mike Stay",2009,"0903.0340_Physics,_Topology,_Logic_and_Computation_A_Rosetta_Stone.pdf"
1103.0398,Natural Language Processing (almost) from Scratch,"Ronan Collobert, Jason Weston, Leon Bottou, Michael Karlen, Koray Kavukcuoglu, Pavel Kuksa",2011,1103.0398_Natural_Language_Processing_(almost)_from_Scratch.pdf
1105.1186,Sampling-based Algorithms for Optimal Motion Planning,"Sertac Karaman, Emilio Frazzoli",2011,1105.1186_Sampling-based_Algorithms_for_Optimal_Motion_Planning.pdf
1206.2082,Dimension Independent Similarity Computation,"Reza Bosagh Zadeh, Ashish Goel",2012,1206.2082_Dimension_Independent_Similarity_Computation.pdf
1206.4683,Marginalized Denoising Autoencoders for Domain Adaptation,"Minmin Chen, Zhixiang Xu, Kilian Weinberger, Fei Sha",2012,1206.4683_Marginalized_Denoising_Autoencoders_for_Domain_Adaptation.pdf
1207.0580,Improving neural networks by preventing co-adaptation of feature detectors,"Geoffrey E. Hinton, Nitish Srivastava, Alex Krizhevsky, Ilya Sutskever, Ruslan R. Salakhutdinov",2012,1207.0580_Improving_neural_networks_by_preventing_co-adaptation_of_feature_detectors.pdf
1211.5590,Theano: new features and speed improvements,"Frédéric Bastien, Pascal Lamblin, Razvan Pascanu, James Bergstra, Ian Goodfellow, Arnaud Bergeron, Nicolas Bouchard, David Warde-Farley, Yoshua Bengio",2012,1211.5590_Theano_new_features_and_speed_improvements.pdf
1212.0901,Advances in Optimizing Recurrent Networks,"Yoshua Bengio, Nicolas Boulanger-Lewandowski, Razvan Pascanu",2012,1212.0901_Advances_in_Optimizing_Recurrent_Networks.pdf
1301.3666,Zero-Shot Learning Through Cross-Modal Transfer,"Richard Socher, Milind Ganjoo, Hamsa Sridhar, Osbert Bastani, Christopher D. Manning, Andrew Y. Ng",2013,1301.3666_Zero-Shot_Learning_Through_Cross-Modal_Transfer.pdf
1301.7115,Statistical mechanics of complex neural systems and high dimensional data,"Madhu Advani, Subhaneil Lahiri, Surya Ganguli",2013,1301.7115_Statistical_mechanics_of_complex_neural_systems_and_high_dimensional_data.pdf
1302.4389,Maxout Networks,"Ian J. Goodfellow, David Warde-Farley, Mehdi Mirza, Aaron Courville, Yoshua Bengio",2013,1302.4389_Maxout_Networks.pdf
1303.6055,A quantum speedup in machine learning: Finding a N-bit Boolean function for a classification,"Seokwon Yoo, Jeongho Bang, Changhyoup Lee, Jinhyoung Lee",2013,1303.6055_A_quantum_speedup_in_machine_learning_Finding_a_N-bit_Boolean_function_for_a_classification.pdf
1304.1467,Dimension Independent Matrix Square using MapReduce,"Reza Bosagh Zadeh, Gunnar Carlsson",2013,1304.1467_Dimension_Independent_Matrix_Square_using_MapReduce.pdf
1305.6663,Generalized Denoising Auto-Encoders as Generative Models,"Yoshua Bengio, Li Yao, Guillaume Alain, Pascal Vincent",2013,1305.6663_Generalized_Denoising_Auto-Encoders_as_Generative_Models.pdf
1309.4168,Exploiting Similarities among Languages for Machine Translation,"Tomas Mikolov, Quoc V. Le, Ilya Sutskever",2013,1309.4168_Exploiting_Similarities_among_Languages_for_Machine_Translation.pdf
1310.4546,Distributed Representations of Words and Phrases and their Compositionality,"Tomas Mikolov, Ilya Sutskever, Kai Chen, Greg Corrado, Jeffrey Dean",2013,1310.4546_Distributed_Representations_of_Words_and_Phrases_and_their_Compositionality.pdf
1312.3005,One Billion Word Benchmark for Measuring Progress in Statistical Language Modeling,"Ciprian Chelba, Tomas Mikolov, Mike Schuster, Qi Ge, Thorsten Brants, Phillipp Koehn, Tony Robinson",2013,1312.3005_One_Billion_Word_Benchmark_for_Measuring_Progress_in_Statistical_Language_Modeling.pdf
1312.4400,Network In Network,"Min Lin, Qiang Chen, Shuicheng Yan",2013,1312.4400_Network_In_Network.pdf
1312.4659,DeepPose: Human Pose Estimation via Deep Neural Networks,"Alexander Toshev, Christian Szegedy",2013,1312.4659_DeepPose_Human_Pose_Estimation_via_Deep_Neural_Networks.pdf
1312.5602,Playing Atari with Deep Reinforcement Learning,"Volodymyr Mnih, Koray Kavukcuoglu, David Silver, Alex Graves, Ioannis Antonoglou, Daan Wierstra, Martin Riedmiller",2013,1312.5602_Playing_Atari_with_Deep_Reinforcement_Learning.pdf
1312.6026,How to Construct Deep Recurrent Neural Networks,"Razvan Pascanu, Caglar Gulcehre, Kyunghyun Cho, Yoshua Bengio",2013,1312.6026_How_to_Construct_Deep_Recurrent_Neural_Networks.pdf
1312.6034,Deep Inside Convolutional Networks: Visualising Image Classification Models and Saliency Maps,"Karen Simonyan, Andrea Vedaldi, Andrew Zisserman",2013,1312.6034_Deep_Inside_Convolutional_Networks_Visualising_Image_Classification_Models_and_Saliency_Maps.pdf
1312.6055,Unit Tests for Stochastic Optimization,"Tom Schaul, Ioannis Antonoglou, David Silver",2013,1312.6055_Unit_Tests_for_Stochastic_Optimization.pdf
1312.6114,Auto-Encoding Variational Bayes,"Diederik P Kingma, Max Welling",2013,1312.6114_Auto-Encoding_Variational_Bayes.pdf
1312.6120,Exact solutions to the nonlinear dynamics of learning in deep linear neural networks,"Andrew M. Saxe, James L. McClelland, Surya Ganguli",2013,1312.6120_Exact_solutions_to_the_nonlinear_dynamics_of_learning_in_deep_linear_neural_networks.pdf
1402.1869,On the Number of Linear Regions of Deep Neural Networks,"Guido Montúfar, Razvan Pascanu, Kyunghyun Cho, Yoshua Bengio",2014,1402.1869_On_the_Number_of_Linear_Regions_of_Deep_Neural_Networks.pdf
1402.3337,Zero-bias autoencoders and the benefits of co-adapting features,"Kishore Konda, Roland Memisevic, David Krueger",2014,1402.3337_Zero-bias_autoencoders_and_the_benefits_of_co-adapting_features.pdf
1404.2188,A Convolutional Neural Network for Modelling Sentences,"Nal Kalchbrenner, Edward Grefenstette, Phil Blunsom",2014,1404.2188_A_Convolutional_Neural_Network_for_Modelling_Sentences.pdf
1404.4171,Dropout Training for Support Vector Machines,"Ning Chen, Jun Zhu, Jianfei Chen, Bo Zhang",2014,1404.4171_Dropout_Training_for_Support_Vector_Machines.pdf
1405.4053,Distributed Representations of Sentences and Documents,"Quoc V. Le, Tomas Mikolov",2014,1405.4053_Distributed_Representations_of_Sentences_and_Documents.pdf
1405.4604,On the saddle point problem for non-convex optimization,"Razvan Pascanu, Yann N. Dauphin, Surya Ganguli, Yoshua Bengio",2014,1405.4604_On_the_saddle_point_problem_for_non-convex_optimization.pdf
1405.5713,Spectral tensor-train decomposition,"Daniele Bigoni, Allan P. Engsig-Karup, Youssef M. Marzouk",2014,1405.5713_Spectral_tensor-train_decomposition.pdf
1405.5848,Batch Informed Trees (BIT*): Sampling-based Optimal Planning via the Heuristically Guided Search of Implicit Random Geometric Graphs,"Jonathan D. Gammell, Siddhartha S. Srinivasa, Timothy D. Barfoot",2014,1405.5848_Batch_Informed_Trees_(BIT)_Sampling-based_Optimal_Planning_via_the_Heuristically_Guided_Search_of_Implicit_Random_Geomet.pdf
1406.1078,Learning Phrase Representations using RNN Encoder-Decoder for Statistical Machine Translation,"Kyunghyun Cho, Bart van Merrienboer, Caglar Gulcehre, Dzmitry Bahdanau, Fethi Bougares, Holger Schwenk, Yoshua Bengio",2014,1406.1078_Learning_Phrase_Representations_using_RNN_Encoder-Decoder_for_Statistical_Machine_Translation.pdf
1406.1831,Analyzing noise in autoencoders and deep networks,"Ben Poole, Jascha Sohl-Dickstein, Surya Ganguli",2014,1406.1831_Analyzing_noise_in_autoencoders_and_deep_networks.pdf
1406.2294,"A Fast, Minimal Memory, Consistent Hash Algorithm","John Lamping, Eric Veach",2014,"1406.2294_A_Fast,_Minimal_Memory,_Consistent_Hash_Algorithm.pdf"
1406.2572,Identifying and attacking the saddle point problem in high-dimensional non-convex optimization,"Yann Dauphin, Razvan Pascanu, Caglar Gulcehre, Kyunghyun Cho, Surya Ganguli, Yoshua Bengio",2014,1406.2572_Identifying_and_attacking_the_saddle_point_problem_in_high-dimensional_non-convex_optimization.pdf
1406.2751,Reweighted Wake-Sleep,"Jörg Bornschein, Yoshua Bengio",2014,1406.2751_Reweighted_Wake-Sleep.pdf
1406.5298,Semi-Supervised Learning with Deep Generative Models,"Diederik P. Kingma, Danilo J. Rezende, Shakir Mohamed, Max Welling",2014,1406.5298_Semi-Supervised_Learning_with_Deep_Generative_Models.pdf
1406.7444,Learning to Deblur,"Christian J. Schuler, Michael Hirsch, Stefan Harmeling, Bernhard Schölkopf",2014,1406.7444_Learning_to_Deblur.pdf
1408.5093,Caffe: Convolutional Architecture for Fast Feature Embedding,"Yangqing Jia, Evan Shelhamer, Jeff Donahue, Sergey Karayev, Jonathan Long, Ross Girshick, Sergio Guadarrama, Trevor Darrell",2014,1408.5093_Caffe_Convolutional_Architecture_for_Fast_Feature_Embedding.pdf
1409.0473,Neural Machine Translation by Jointly Learning to Align and Translate,"Dzmitry Bahdanau, Kyunghyun Cho, Yoshua Bengio",2014,1409.0473_Neural_Machine_Translation_by_Jointly_Learning_to_Align_and_Translate.pdf
1409.2752,Winner-Take-All Autoencoders,"Alireza Makhzani, Brendan Frey",2014,1409.2752_Winner-Take-All_Autoencoders.pdf
1410.0781,SimNets: A Generalization of Convolutional Networks,"Nadav Cohen, Amnon Shashua",2014,1410.0781_SimNets_A_Generalization_of_Convolutional_Networks.pdf
1410.3831,An exact mapping between the Variational Renormalization Group and Deep Learning,"Pankaj Mehta, David J. Schwab",2014,1410.3831_An_exact_mapping_between_the_Variational_Renormalization_Group_and_Deep_Learning.pdf
1410.3916,Memory Networks,"Jason Weston, Sumit Chopra, Antoine Bordes",2014,1410.3916_Memory_Networks.pdf
1410.8251,Notes on Noise Contrastive Estimation and Negative Sampling,Chris Dyer,2014,1410.8251_Notes_on_Noise_Contrastive_Estimation_and_Negative_Sampling.pdf
1411.0030,A* Sampling,"Chris J. Maddison, Daniel Tarlow, Tom Minka",2014,1411.0030_A_Sampling.pdf
1411.0247,Random feedback weights support learning in deep neural networks,"Timothy P. Lillicrap, Daniel Cownden, Douglas B. Tweed, Colin J. Akerman",2014,1411.0247_Random_feedback_weights_support_learning_in_deep_neural_networks.pdf
1411.6836,Deep convolutional filter banks for texture recognition and segmentation,"Mircea Cimpoi, Subhransu Maji, Andrea Vedaldi",2014,1411.6836_Deep_convolutional_filter_banks_for_texture_recognition_and_segmentation.pdf
1411.7610,Learning Stochastic Recurrent Networks,"Justin Bayer, Christian Osendorfer",2014,1411.7610_Learning_Stochastic_Recurrent_Networks.pdf
1412.1632,Deep Learning for Answer Sentence Selection,"Lei Yu, Karl Moritz Hermann, Phil Blunsom, Stephen Pulman",2014,1412.1632_Deep_Learning_for_Answer_Sentence_Selection.pdf
1412.4446,Domain-Adversarial Neural Networks,"Hana Ajakan, Pascal Germain, Hugo Larochelle, François Laviolette, Mario Marchand",2014,1412.4446_Domain-Adversarial_Neural_Networks.pdf
1412.5896,On the Stability of Deep Networks,"Raja Giryes, Guillermo Sapiro, Alex M. Bronstein",2014,1412.5896_On_the_Stability_of_Deep_Networks.pdf
1412.6181,Crypto-Nets: Neural Networks over Encrypted Data,"Pengtao Xie, Misha Bilenko, Tom Finley, Ran Gilad-Bachrach, Kristin Lauter, Michael Naehrig",2014,1412.6181_Crypto-Nets_Neural_Networks_over_Encrypted_Data.pdf
1412.6547,Fast Label Embeddings via Randomized Linear Algebra,"Paul Mineiro, Nikos Karampatziakis",2014,1412.6547_Fast_Label_Embeddings_via_Randomized_Linear_Algebra.pdf
1412.6583,Discovering Hidden Factors of Variation in Deep Networks,"Brian Cheung, Jesse A. Livezey, Arjun K. Bansal, Bruno A. Olshausen",2014,1412.6583_Discovering_Hidden_Factors_of_Variation_in_Deep_Networks.pdf
1412.6597,An Analysis of Unsupervised Pre-training in Light of Recent Advances,"Tom Le Paine, Pooya Khorrami, Wei Han, Thomas S. Huang",2014,1412.6597_An_Analysis_of_Unsupervised_Pre-training_in_Light_of_Recent_Advances.pdf
1412.6806,Striving for Simplicity: The All Convolutional Net,"Jost Tobias Springenberg, Alexey Dosovitskiy, Thomas Brox, Martin Riedmiller",2014,1412.6806_Striving_for_Simplicity_The_All_Convolutional_Net.pdf
1412.6980,Adam: A Method for Stochastic Optimization,"Diederik P. Kingma, Jimmy Ba",2014,1412.6980_Adam_A_Method_for_Stochastic_Optimization.pdf
1412.7024,Training deep neural networks with low precision multiplications,"Matthieu Courbariaux, Yoshua Bengio, Jean-Pierre David",2014,1412.7024_Training_deep_neural_networks_with_low_precision_multiplications.pdf
1412.7210,Denoising autoencoder with modulated lateral connections learns invariant representations of natural images,"Antti Rasmus, Tapani Raiko, Harri Valpola",2014,1412.7210_Denoising_autoencoder_with_modulated_lateral_connections_learns_invariant_representations_of_natural_images.pdf
1412.7580,Fast Convolutional Nets With fbfft: A GPU Performance Evaluation,"Nicolas Vasilache, Jeff Johnson, Michael Mathieu, Soumith Chintala, Serkan Piantino, Yann LeCun",2014,1412.7580_Fast_Convolutional_Nets_With_fbfft_A_GPU_Performance_Evaluation.pdf
1412.7753,Learning Longer Memory in Recurrent Neural Networks,"Tomas Mikolov, Armand Joulin, Sumit Chopra, Michael Mathieu, Marc'Aurelio Ranzato",2014,1412.7753_Learning_Longer_Memory_in_Recurrent_Neural_Networks.pdf
1502.01852,Delving Deep into Rectifiers: Surpassing Human-Level Performance on ImageNet Classification,"Kaiming He, Xiangyu Zhang, Shaoqing Ren, Jian Sun",2015,1502.01852_Delving_Deep_into_Rectifiers_Surpassing_Human-Level_Performance_on_ImageNet_Classification.pdf
1502.02251,From Pixels to Torques: Policy Learning with Deep Dynamical Models,"Niklas Wahlström, Thomas B. Schön, Marc Peter Deisenroth",2015,1502.02251_From_Pixels_to_Torques_Policy_Learning_with_Deep_Dynamical_Models.pdf
1502.02367,Gated Feedback Recurrent Neural Networks,"Junyoung Chung, Caglar Gulcehre, Kyunghyun Cho, Yoshua Bengio",2015,1502.02367_Gated_Feedback_Recurrent_Neural_Networks.pdf
1502.02476,An Infinite Restricted Boltzmann Machine,"Marc-Alexandre Côté, Hugo Larochelle",2015,1502.02476_An_Infinite_Restricted_Boltzmann_Machine.pdf
1502.02478,Efficient batchwise dropout training using submatrices,"Ben Graham, Jeremy Reizenstein, Leigh Robinson",2015,1502.02478_Efficient_batchwise_dropout_training_using_submatrices.pdf
1502.03167,Batch Normalization: Accelerating Deep Network Training by Reducing Internal Covariate Shift,"Sergey Ioffe, Christian Szegedy",2015,1502.03167_Batch_Normalization_Accelerating_Deep_Network_Training_by_Reducing_Internal_Covariate_Shift.pdf
1502.03436,An exploration of parameter redundancy in deep networks with circulant projections,"Yu Cheng, Felix X. Yu, Rogerio S. Feris, Sanjiv Kumar, Alok Choudhary, Shih-Fu Chang",2015,1502.03436_An_exploration_of_parameter_redundancy_in_deep_networks_with_circulant_projections.pdf
1502.03509,MADE: Masked Autoencoder for Distribution Estimation,"Mathieu Germain, Karol Gregor, Iain Murray, Hugo Larochelle",2015,1502.03509_MADE_Masked_Autoencoder_for_Distribution_Estimation.pdf
1502.03520,A Latent Variable Model Approach to PMI-based Word Embeddings,"Sanjeev Arora, Yuanzhi Li, Yingyu Liang, Tengyu Ma, Andrej Risteski",2015,1502.03520_A_Latent_Variable_Model_Approach_to_PMI-based_Word_Embeddings.pdf
1502.03648,Over-Sampling in a Deep Neural Network,Andrew J. R. Simpson,2015,1502.03648_Over-Sampling_in_a_Deep_Neural_Network.pdf
1502.04156,Towards Biologically Plausible Deep Learning,"Yoshua Bengio, Dong-Hyun Lee, Jorg Bornschein, Thomas Mesnard, Zhouhan Lin",2015,1502.04156_Towards_Biologically_Plausible_Deep_Learning.pdf
1502.04390,Equilibrated adaptive learning rates for non-convex optimization,"Yann N. Dauphin, Harm de Vries, Yoshua Bengio",2015,1502.04390_Equilibrated_adaptive_learning_rates_for_non-convex_optimization.pdf
1502.04434,Invariant backpropagation: how to train a transformation-invariant neural network,"Sergey Demyanov, James Bailey, Ramamohanarao Kotagiri, Christopher Leckie",2015,1502.04434_Invariant_backpropagation_how_to_train_a_transformation-invariant_neural_network.pdf
1503.00075,Improved Semantic Representations From Tree-Structured Long Short-Term Memory Networks,"Kai Sheng Tai, Richard Socher, Christopher D. Manning",2015,1503.00075_Improved_Semantic_Representations_From_Tree-Structured_Long_Short-Term_Memory_Networks.pdf
1503.01007,Inferring Algorithmic Patterns with Stack-Augmented Recurrent Nets,"Armand Joulin, Tomas Mikolov",2015,1503.01007_Inferring_Algorithmic_Patterns_with_Stack-Augmented_Recurrent_Nets.pdf
1503.02531,Distilling the Knowledge in a Neural Network,"Geoffrey Hinton, Oriol Vinyals, Jeff Dean",2015,1503.02531_Distilling_the_Knowledge_in_a_Neural_Network.pdf
1503.07077,Rotation-invariant convolutional neural networks for galaxy morphology prediction,"Sander Dieleman, Kyle W. Willett, Joni Dambre",2015,1503.07077_Rotation-invariant_convolutional_neural_networks_for_galaxy_morphology_prediction.pdf
1504.00548,Learning to Understand Phrases by Embedding the Dictionary,"Felix Hill, Kyunghyun Cho, Anna Korhonen, Yoshua Bengio",2015,1504.00548_Learning_to_Understand_Phrases_by_Embedding_the_Dictionary.pdf
1504.02462,A Group Theoretic Perspective on Unsupervised Deep Learning,"Arnab Paul, Suresh Venkatasubramanian",2015,1504.02462_A_Group_Theoretic_Perspective_on_Unsupervised_Deep_Learning.pdf
1504.06852,FlowNet: Learning Optical Flow with Convolutional Networks,"Philipp Fischer, Alexey Dosovitskiy, Eddy Ilg, Philip Häusser, Caner Hazırbaş, Vladimir Golkov, Patrick van der Smagt, Daniel Cremers, Thomas Brox",2015,1504.06852_FlowNet_Learning_Optical_Flow_with_Convolutional_Networks.pdf
1504.07225,Correlational Neural Networks,"Sarath Chandar, Mitesh M. Khapra, Hugo Larochelle, Balaraman Ravindran",2015,1504.07225_Correlational_Neural_Networks.pdf
1504.08215,Lateral Connections in Denoising Autoencoders Support Supervised Learning,"Antti Rasmus, Harri Valpola, Tapani Raiko",2015,1504.08215_Lateral_Connections_in_Denoising_Autoencoders_Support_Supervised_Learning.pdf
1505.00387,Highway Networks,"Rupesh Kumar Srivastava, Klaus Greff, Jürgen Schmidhuber",2015,1505.00387_Highway_Networks.pdf
1505.00393,ReNet: A Recurrent Neural Network Based Alternative to Convolutional Networks,"Francesco Visin, Kyle Kastner, Kyunghyun Cho, Matteo Matteucci, Aaron Courville, Yoshua Bengio",2015,1505.00393_ReNet_A_Recurrent_Neural_Network_Based_Alternative_to_Convolutional_Networks.pdf
1505.00468,VQA: Visual Question Answering,"Aishwarya Agrawal, Jiasen Lu, Stanislaw Antol, Margaret Mitchell, C. Lawrence Zitnick, Dhruv Batra, Devi Parikh",2015,1505.00468_VQA_Visual_Question_Answering.pdf
1505.00853,Empirical Evaluation of Rectified Activations in Convolutional Network,"Bing Xu, Naiyan Wang, Tianqi Chen, Mu Li",2015,1505.00853_Empirical_Evaluation_of_Rectified_Activations_in_Convolutional_Network.pdf
1505.01121,Ask Your Neurons: A Neural-based Approach to Answering Questions about Images,"Mateusz Malinowski, Marcus Rohrbach, Mario Fritz",2015,1505.01121_Ask_Your_Neurons_A_Neural-based_Approach_to_Answering_Questions_about_Images.pdf
1505.01809,Language Models for Image Captioning: The Quirks and What Works,"Jacob Devlin, Hao Cheng, Hao Fang, Saurabh Gupta, Li Deng, Xiaodong He, Geoffrey Zweig, Margaret Mitchell",2015,1505.01809_Language_Models_for_Image_Captioning_The_Quirks_and_What_Works.pdf
1505.03159,Monocular Object Instance Segmentation and Depth Ordering with CNNs,"Ziyu Zhang, Alexander G. Schwing, Sanja Fidler, Raquel Urtasun",2015,1505.03159_Monocular_Object_Instance_Segmentation_and_Depth_Ordering_with_CNNs.pdf
1505.05612,Are You Talking to a Machine? Dataset and Methods for Multilingual Image Question Answering,"Haoyuan Gao, Junhua Mao, Jie Zhou, Zhiheng Huang, Lei Wang, Wei Xu",2015,1505.05612_Are_You_Talking_to_a_Machine_Dataset_and_Methods_for_Multilingual_Image_Question_Answering.pdf
1506.02075,Large-scale Simple Question Answering with Memory Networks,"Antoine Bordes, Nicolas Usunier, Sumit Chopra, Jason Weston",2015,1506.02075_Large-scale_Simple_Question_Answering_with_Memory_Networks.pdf
1506.02078,Visualizing and Understanding Recurrent Networks,"Andrej Karpathy, Justin Johnson, Li Fei-Fei",2015,1506.02078_Visualizing_and_Understanding_Recurrent_Networks.pdf
1506.02216,A Recurrent Latent Variable Model for Sequential Data,"Junyoung Chung, Kyle Kastner, Laurent Dinh, Kratarth Goel, Aaron Courville, Yoshua Bengio",2015,1506.02216_A_Recurrent_Latent_Variable_Model_for_Sequential_Data.pdf
1506.02338,Modeling Order in Neural Word Embeddings at Scale,"Andrew Trask, David Gilmore, Matthew Russell",2015,1506.02338_Modeling_Order_in_Neural_Word_Embeddings_at_Scale.pdf
1506.02516,Learning to Transduce with Unbounded Memory,"Edward Grefenstette, Karl Moritz Hermann, Mustafa Suleyman, Phil Blunsom",2015,1506.02516_Learning_to_Transduce_with_Unbounded_Memory.pdf
1506.02544,Learning with Group Invariant Features: A Kernel Perspective,"Youssef Mroueh, Stephen Voinea, Tomaso Poggio",2015,1506.02544_Learning_with_Group_Invariant_Features_A_Kernel_Perspective.pdf
1506.02617,Path-SGD: Path-Normalized Optimization in Deep Neural Networks,"Behnam Neyshabur, Ruslan Salakhutdinov, Nathan Srebro",2015,1506.02617_Path-SGD_Path-Normalized_Optimization_in_Deep_Neural_Networks.pdf
1506.02626,Learning both Weights and Connections for Efficient Neural Networks,"Song Han, Jeff Pool, John Tran, William J. Dally",2015,1506.02626_Learning_both_Weights_and_Connections_for_Efficient_Neural_Networks.pdf
1506.03011,Learning to Linearize Under Uncertainty,"Ross Goroshin, Michael Mathieu, Yann LeCun",2015,1506.03011_Learning_to_Linearize_Under_Uncertainty.pdf
1506.03134,Pointer Networks,"Oriol Vinyals, Meire Fortunato, Navdeep Jaitly",2015,1506.03134_Pointer_Networks.pdf
1506.03340,Teaching Machines to Read and Comprehend,"Karl Moritz Hermann, Tomáš Kočiský, Edward Grefenstette, Lasse Espeholt, Will Kay, Mustafa Suleyman, Phil Blunsom",2015,1506.03340_Teaching_Machines_to_Read_and_Comprehend.pdf
1506.03767,Spectral Representations for Convolutional Neural Networks,"Oren Rippel, Jasper Snoek, Ryan P. Adams",2015,1506.03767_Spectral_Representations_for_Convolutional_Neural_Networks.pdf
1506.04834,Tree-structured composition in neural networks without tree-structured architectures,"Samuel R. Bowman, Christopher D. Manning, Christopher Potts",2015,1506.04834_Tree-structured_composition_in_neural_networks_without_tree-structured_architectures.pdf
1506.05254,Gradient Estimation Using Stochastic Computation Graphs,"John Schulman, Nicolas Heess, Theophane Weber, Pieter Abbeel",2015,1506.05254_Gradient_Estimation_Using_Stochastic_Computation_Graphs.pdf
1506.05751,Deep Generative Image Models using a Laplacian Pyramid of Adversarial Networks,"Emily Denton, Soumith Chintala, Arthur Szlam, Rob Fergus",2015,1506.05751_Deep_Generative_Image_Models_using_a_Laplacian_Pyramid_of_Adversarial_Networks.pdf
1506.05869,A Neural Conversational Model,"Oriol Vinyals, Quoc Le",2015,1506.05869_A_Neural_Conversational_Model.pdf
1506.05908,Deep Knowledge Tracing,"Chris Piech, Jonathan Spencer, Jonathan Huang, Surya Ganguli, Mehran Sahami, Leonidas Guibas, Jascha Sohl-Dickstein",2015,1506.05908_Deep_Knowledge_Tracing.pdf
1506.06726,Skip-Thought Vectors,"Ryan Kiros, Yukun Zhu, Ruslan Salakhutdinov, Richard S. Zemel, Antonio Torralba, Raquel Urtasun, Sanja Fidler",2015,1506.06726_Skip-Thought_Vectors.pdf
1506.08230,Convolutional networks and learning invariant to homogeneous multiplicative scalings,"Mark Tygert, Arthur Szlam, Soumith Chintala, Marc'Aurelio Ranzato, Yuandong Tian, Wojciech Zaremba",2015,1506.08230_Convolutional_networks_and_learning_invariant_to_homogeneous_multiplicative_scalings.pdf
1506.08473,Beating the Perils of Non-Convexity: Guaranteed Training of Neural Networks using Tensor Methods,"Majid Janzamin, Hanie Sedghi, Anima Anandkumar",2015,1506.08473_Beating_the_Perils_of_Non-Convexity_Guaranteed_Training_of_Neural_Networks_using_Tensor_Methods.pdf
1506.08700,Dropout as data augmentation,"Xavier Bouthillier, Kishore Konda, Pascal Vincent, Roland Memisevic",2015,1506.08700_Dropout_as_data_augmentation.pdf
1506.08909,The Ubuntu Dialogue Corpus: A Large Dataset for Research in Unstructured Multi-Turn Dialogue Systems,"Ryan Lowe, Nissan Pow, Iulian Serban, Joelle Pineau",2015,1506.08909_The_Ubuntu_Dialogue_Corpus_A_Large_Dataset_for_Research_in_Unstructured_Multi-Turn_Dialogue_Systems.pdf
1507.02672,Semi-Supervised Learning with Ladder Networks,"Antti Rasmus, Harri Valpola, Mikko Honkala, Mathias Berglund, Tapani Raiko",2015,1507.02672_Semi-Supervised_Learning_with_Ladder_Networks.pdf
1507.02743,Locally Non-linear Embeddings for Extreme Multi-label Learning,"Kush Bhatia, Himanshu Jain, Purushottam Kar, Prateek Jain, Manik Varma",2015,1507.02743_Locally_Non-linear_Embeddings_for_Extreme_Multi-label_Learning.pdf
1507.06228,Training Very Deep Networks,"Rupesh Kumar Srivastava, Klaus Greff, Jürgen Schmidhuber",2015,1507.06228_Training_Very_Deep_Networks.pdf
1507.07998,Document Embedding with Paragraph Vectors,"Andrew M. Dai, Christopher Olah, Quoc V. Le",2015,1507.07998_Document_Embedding_with_Paragraph_Vectors.pdf
1507.08286,Deep Learning for Single-View Instance Recognition,"David Held, Sebastian Thrun, Silvio Savarese",2015,1507.08286_Deep_Learning_for_Single-View_Instance_Recognition.pdf
1508.02933,No Regret Bound for Extreme Bandits,"Robert Nishihara, David Lopez-Paz, Léon Bottou",2015,1508.02933_No_Regret_Bound_for_Extreme_Bandits.pdf
1508.05003,AdaDelay: Delay Adaptive Distributed Stochastic Convex Optimization,"Suvrit Sra, Adams Wei Yu, Mu Li, Alexander J. Smola",2015,1508.05003_AdaDelay_Delay_Adaptive_Distributed_Stochastic_Convex_Optimization.pdf
1508.05133,Steps Toward Deep Kernel Methods from Infinite Neural Networks,"Tamir Hazan, Tommi Jaakkola",2015,1508.05133_Steps_Toward_Deep_Kernel_Methods_from_Infinite_Neural_Networks.pdf
1508.06576,A Neural Algorithm of Artistic Style,"Leon A. Gatys, Alexander S. Ecker, Matthias Bethge",2015,1508.06576_A_Neural_Algorithm_of_Artistic_Style.pdf
1508.06615,Character-Aware Neural Language Models,"Yoon Kim, Yacine Jernite, David Sontag, Alexander M. Rush",2015,1508.06615_Character-Aware_Neural_Language_Models.pdf
1508.07096,Partitioning Large Scale Deep Belief Networks Using Dropout,"Yanping Huang, Sai Zhang",2015,1508.07096_Partitioning_Large_Scale_Deep_Belief_Networks_Using_Dropout.pdf
1509.00552,DAG-Recurrent Neural Networks For Scene Labeling,"Bing Shuai, Zhen Zuo, Gang Wang, Bing Wang",2015,1509.00552_DAG-Recurrent_Neural_Networks_For_Scene_Labeling.pdf
1509.01549,Giraffe: Using Deep Reinforcement Learning to Play Chess,Matthew Lai,2015,1509.01549_Giraffe_Using_Deep_Reinforcement_Learning_to_Play_Chess.pdf
1509.02256,Matrix Computations and Optimization in Apache Spark,"Reza Bosagh Zadeh, Xiangrui Meng, Aaron Staple, Burak Yavuz, Li Pu, Shivaram Venkataraman, Evan Sparks, Alexander Ulanov, Matei Zaharia",2015,1509.02256_Matrix_Computations_and_Optimization_in_Apache_Spark.pdf
1509.05329,Recurrent Spatial Transformer Networks,"Søren Kaae Sønderby, Casper Kaae Sønderby, Lars Maaløe, Ole Winther",2015,1509.05329_Recurrent_Spatial_Transformer_Networks.pdf
1509.06664,Reasoning about Entailment with Neural Attention,"Tim Rocktäschel, Edward Grefenstette, Karl Moritz Hermann, Tomáš Kočiský, Phil Blunsom",2015,1509.06664_Reasoning_about_Entailment_with_Neural_Attention.pdf
1509.06825,Supersizing Self-supervision: Learning to Grasp from 50K Tries and 700 Robot Hours,"Lerrel Pinto, Abhinav Gupta",2015,1509.06825_Supersizing_Self-supervision_Learning_to_Grasp_from_50K_Tries_and_700_Robot_Hours.pdf
1509.07385,Provable approximation properties for deep neural networks,"Uri Shaham, Alexander Cloninger, Ronald R. Coifman",2015,1509.07385_Provable_approximation_properties_for_deep_neural_networks.pdf
1509.08972,VLSI Implementation of Deep Neural Network Using Integral Stochastic Computing,"Arash Ardakani, François Leduc-Primeau, Naoya Onizawa, Takahiro Hanyu, Warren J. Gross",2015,1509.08972_VLSI_Implementation_of_Deep_Neural_Network_Using_Integral_Stochastic_Computing.pdf
1510.01378,Batch Normalized Recurrent Neural Networks,"César Laurent, Gabriel Pereyra, Philémon Brakel, Ying Zhang, Yoshua Bengio",2015,1510.01378_Batch_Normalized_Recurrent_Neural_Networks.pdf
1510.02675,Controlled Experiments for Word Embeddings,"Benjamin J. Wilson, Adriaan M. J. Schakel",2015,1510.02675_Controlled_Experiments_for_Word_Embeddings.pdf
1510.02693,Feedforward Sequential Memory Neural Networks without Recurrent Feedback,"ShiLiang Zhang, Hui Jiang, Si Wei, LiRong Dai",2015,1510.02693_Feedforward_Sequential_Memory_Neural_Networks_without_Recurrent_Feedback.pdf
1510.03009,Neural Networks with Few Multiplications,"Zhouhan Lin, Matthieu Courbariaux, Roland Memisevic, Yoshua Bengio",2015,1510.03009_Neural_Networks_with_Few_Multiplications.pdf
1510.03528,$\ell_1$-regularized Neural Networks are Improperly Learnable in Polynomial Time,"Yuchen Zhang, Jason D. Lee, Michael I. Jordan",2015,1510.03528_$ell_1$-regularized_Neural_Networks_are_Improperly_Learnable_in_Polynomial_Time.pdf
1510.05067,How Important is Weight Symmetry in Backpropagation?,"Qianli Liao, Joel Z. Leibo, Tomaso Poggio",2015,1510.05067_How_Important_is_Weight_Symmetry_in_Backpropagation.pdf
1510.05572,On the Computability of AIXI,"Jan Leike, Marcus Hutter",2015,1510.05572_On_the_Computability_of_AIXI.pdf
1510.06096,When Are Nonconvex Problems Not Scary?,"Ju Sun, Qing Qu, John Wright",2015,1510.06096_When_Are_Nonconvex_Problems_Not_Scary.pdf
1510.06664,Random Projections through multiple optical scattering: Approximating kernels at the speed of light,"Alaa Saade, Francesco Caltagirone, Igor Carron, Laurent Daudet, Angélique Drémeau, Sylvain Gigan, Florent Krzakala",2015,1510.06664_Random_Projections_through_multiple_optical_scattering_Approximating_kernels_at_the_speed_of_light.pdf
1510.07389,The Human Kernel,"Andrew Gordon Wilson, Christoph Dann, Christopher G. Lucas, Eric P. Xing",2015,1510.07389_The_Human_Kernel.pdf
1510.08565,Attention with Intention for a Neural Network Conversation Model,"Kaisheng Yao, Geoffrey Zweig, Baolin Peng",2015,1510.08565_Attention_with_Intention_for_a_Neural_Network_Conversation_Model.pdf
1511.00083,"Why Neurons Have Thousands of Synapses, A Theory of Sequence Memory in Neocortex","Jeff Hawkins, Subutai Ahmad",2015,"1511.00083_Why_Neurons_Have_Thousands_of_Synapses,_A_Theory_of_Sequence_Memory_in_Neocortex.pdf"
1511.02301,The Goldilocks Principle: Reading Children's Books with Explicit Memory Representations,"Felix Hill, Antoine Bordes, Sumit Chopra, Jason Weston",2015,1511.02301_The_Goldilocks_Principle_Reading_Children's_Books_with_Explicit_Memory_Representations.pdf
1511.04586,Character-based Neural Machine Translation,"Wang Ling, Isabel Trancoso, Chris Dyer, Alan W Black",2015,1511.04586_Character-based_Neural_Machine_Translation.pdf
1511.04834,Neural Programmer: Inducing Latent Programs with Gradient Descent,"Arvind Neelakantan, Quoc V. Le, Ilya Sutskever",2015,1511.04834_Neural_Programmer_Inducing_Latent_Programs_with_Gradient_Descent.pdf
1511.05497,Learning Neural Network Architectures using Backpropagation,"Suraj Srinivas, R. Venkatesh Babu",2015,1511.05497_Learning_Neural_Network_Architectures_using_Backpropagation.pdf
1511.06114,Multi-task Sequence to Sequence Learning,"Minh-Thang Luong, Quoc V. Le, Ilya Sutskever, Oriol Vinyals, Lukasz Kaiser",2015,1511.06114_Multi-task_Sequence_to_Sequence_Learning.pdf
1511.06349,Generating Sentences from a Continuous Space,"Samuel R. Bowman, Luke Vilnis, Oriol Vinyals, Andrew M. Dai, Rafal Jozefowicz, Samy Bengio",2015,1511.06349_Generating_Sentences_from_a_Continuous_Space.pdf
1511.06391,Order Matters: Sequence to sequence for sets,"Oriol Vinyals, Samy Bengio, Manjunath Kudlur",2015,1511.06391_Order_Matters_Sequence_to_sequence_for_sets.pdf
1511.06418,Binding via Reconstruction Clustering,"Klaus Greff, Rupesh Kumar Srivastava, Jürgen Schmidhuber",2015,1511.06418_Binding_via_Reconstruction_Clustering.pdf
1511.06456,Task Loss Estimation for Sequence Prediction,"Dzmitry Bahdanau, Dmitriy Serdyuk, Philémon Brakel, Nan Rosemary Ke, Jan Chorowski, Aaron Courville, Yoshua Bengio",2015,1511.06456_Task_Loss_Estimation_for_Sequence_Prediction.pdf
1511.07275,Learning Simple Algorithms from Examples,"Wojciech Zaremba, Tomas Mikolov, Armand Joulin, Rob Fergus",2015,1511.07275_Learning_Simple_Algorithms_from_Examples.pdf
1511.07289,Fast and Accurate Deep Network Learning by Exponential Linear Units (ELUs),"Djork-Arné Clevert, Thomas Unterthiner, Sepp Hochreiter",2015,1511.07289_Fast_and_Accurate_Deep_Network_Learning_by_Exponential_Linear_Units_(ELUs).pdf
1511.07916,Natural Language Understanding with Distributed Representation,Kyunghyun Cho,2015,1511.07916_Natural_Language_Understanding_with_Distributed_Representation.pdf
1106.5730,HOGWILD!: A Lock-Free Approach to Parallelizing Stochastic Gradient Descent,"Feng Niu, Benjamin Recht, Christopher Re, Stephen J. Wright",2011,1106.5730_HOGWILD!_A_Lock-Free_Approach_to_Parallelizing_Stochastic_Gradient_Descent.pdf
1506.08669,Efficient and Parsimonious Agnostic Active Learning,"Tzu-Kuo Huang, Alekh Agarwal, Daniel J. Hsu, John Langford, Robert E. Schapire",2015,1506.08669_Efficient_and_Parsimonious_Agnostic_Active_Learning.pdf
1402.0915,Learning Ordered Representations with Nested Dropout,"Oren Rippel, Michael A. Gelbart, Ryan P. Adams",2014,1402.0915_Learning_Ordered_Representations_with_Nested_Dropout.pdf
1507.02642,Quantum Inspired Training for Boltzmann Machines,"Nathan Wiebe, Ashish Kapoor, Christopher Granade, Krysta M Svore",2015,1507.02642_Quantum_Inspired_Training_for_Boltzmann_Machines.pdf
1301.3781,Efficient Estimation of Word Representations in Vector Space,"Tomas Mikolov, Kai Chen, Greg Corrado, Jeffrey Dean",2013,1301.3781_Efficient_Estimation_of_Word_Representations_in_Vector_Space.pdf
1312.5663,k-Sparse Autoencoders,"Alireza Makhzani, Brendan Frey",2013,1312.5663_k-Sparse_Autoencoders.pdf
1411.5928,"Learning to Generate Chairs, Tables and Cars with Convolutional Networks","Alexey Dosovitskiy, Jost Tobias Springenberg, Maxim Tatarchenko, Thomas Brox",2014,"1411.5928_Learning_to_Generate_Chairs,_Tables_and_Cars_with_Convolutional_Networks.pdf"
1511.08228,Neural GPUs Learn Algorithms,"Łukasz Kaiser, Ilya Sutskever",2015,1511.08228_Neural_GPUs_Learn_Algorithms.pdf
1509.02971,Continuous control with deep reinforcement learning,"Timothy P. Lillicrap, Jonathan J. Hunt, Alexander Pritzel, Nicolas Heess, Tom Erez, Yuval Tassa, David Silver, Daan Wierstra",2015,1509.02971_Continuous_control_with_deep_reinforcement_learning.pdf
1508.04306,Deep clustering: Discriminative embeddings for segmentation and separation,"John R. Hershey, Zhuo Chen, Jonathan Le Roux, Shinji Watanabe",2015,1508.04306_Deep_clustering_Discriminative_embeddings_for_segmentation_and_separation.pdf
1412.7525,Difference Target Propagation,"Dong-Hyun Lee, Saizheng Zhang, Asja Fischer, Yoshua Bengio",2014,1412.7525_Difference_Target_Propagation.pdf
1506.00619,Blocks and Fuel: Frameworks for deep learning,"Bart van Merriënboer, Dzmitry Bahdanau, Vincent Dumoulin, Dmitriy Serdyuk, David Warde-Farley, Jan Chorowski, Yoshua Bengio",2015,1506.00619_Blocks_and_Fuel_Frameworks_for_deep_learning.pdf
1506.02025,Spatial Transformer Networks,"Max Jaderberg, Karen Simonyan, Andrew Zisserman, Koray Kavukcuoglu",2015,1506.02025_Spatial_Transformer_Networks.pdf
1402.2333,Modeling sequential data using higher-order relational features and predictive training,"Vincent Michalski, Roland Memisevic, Kishore Konda",2014,1402.2333_Modeling_sequential_data_using_higher-order_relational_features_and_predictive_training.pdf
1509.01626,Character-level Convolutional Networks for Text Classification,"Xiang Zhang, Junbo Zhao, Yann LeCun",2015,1509.01626_Character-level_Convolutional_Networks_for_Text_Classification.pdf
1511.06303,Alternative structures for character-level RNNs,"Piotr Bojanowski, Armand Joulin, Tomas Mikolov",2015,1511.06303_Alternative_structures_for_character-level_RNNs.pdf
1504.04788,Compressing Neural Networks with the Hashing Trick,"Wenlin Chen, James T. Wilson, Stephen Tyree, Kilian Q. Weinberger, Yixin Chen",2015,1504.04788_Compressing_Neural_Networks_with_the_Hashing_Trick.pdf
1508.02788,The Effects of Hyperparameters on SGD Training of Neural Networks,Thomas M. Breuel,2015,1508.02788_The_Effects_of_Hyperparameters_on_SGD_Training_of_Neural_Networks.pdf
1506.03099,Scheduled Sampling for Sequence Prediction with Recurrent Neural Networks,"Samy Bengio, Oriol Vinyals, Navdeep Jaitly, Noam Shazeer",2015,1506.03099_Scheduled_Sampling_for_Sequence_Prediction_with_Recurrent_Neural_Networks.pdf
1509.09292,Convolutional Networks on Graphs for Learning Molecular Fingerprints,"David Duvenaud, Dougal Maclaurin, Jorge Aguilera-Iparraguirre, Rafael Gómez-Bombarelli, Timothy Hirzel, Alán Aspuru-Guzik, Ryan P. Adams",2015,1509.09292_Convolutional_Networks_on_Graphs_for_Learning_Molecular_Fingerprints.pdf
1506.06724,Aligning Books and Movies: Towards Story-like Visual Explanations by Watching Movies and Reading Books,"Yukun Zhu, Ryan Kiros, Richard Zemel, Ruslan Salakhutdinov, Raquel Urtasun, Antonio Torralba, Sanja Fidler",2015,1506.06724_Aligning_Books_and_Movies_Towards_Story-like_Visual_Explanations_by_Watching_Movies_and_Reading_Books.pdf
1411.4389,Long-term Recurrent Convolutional Networks for Visual Recognition and Description,"Jeff Donahue, Lisa Anne Hendricks, Marcus Rohrbach, Subhashini Venugopalan, Sergio Guadarrama, Kate Saenko, Trevor Darrell",2014,1411.4389_Long-term_Recurrent_Convolutional_Networks_for_Visual_Recognition_and_Description.pdf
1412.3489,Quantum Deep Learning,"Nathan Wiebe, Ashish Kapoor, Krysta M. Svore",2014,1412.3489_Quantum_Deep_Learning.pdf
1410.5401,Neural Turing Machines,"Alex Graves, Greg Wayne, Ivo Danihelka",2014,1410.5401_Neural_Turing_Machines.pdf
